{"x": [0, 1, 2, 3, 4, 5, 6, 7, 8, 9, 10, 11, 12, 13, 15, 16, 18, 19, 20, 21, 23],
  "y" :[0.0004481780447313966,
  0.005178710931336268,
  0.0029047596653240487,
  0.00459202531900718,
  0.004007726388301289,
  0.0019029885927979088,
  0.0017638462749057335,
  0.0026381788833039193,
  0.008394754813271163,
  0.002834216554426661,
  0.002270920494196228,
  0.00705769733443497,
  0.03834844400882137,
  0.003204248928966951,
  0.03221363976049062,
  0.056803859490426656,
  0.021883289124668436,
  0.009362119696370269,
  0.021956087824351298,
  0.008954197411051613,
  0.1521824530772588]}